patient_id,age,sex_male,bmi,diabetes,hypertension,current_smoker,ex_smoker,family_history,chronic_renal_failure,cva,airway_disease,thyroid_disease,chf,dyslipidemia,bp,pulse_rate,edema,weak_peripheral_pulse,lung_rales,systolic_murmur,diastolic_murmur,typical_chest_pain,atypical_chest_pain,nonanginal_chest_pain,low_threshold_angina,dyspnea,function_class,q_wave,st_elevation,st_depression,t_inversion,lvh,poor_r_progression,bbb,fbs,creatinine,tg,ldl,hdl,bun,esr,hb,k,na,wbc,lymph,neut,plt,ef_tte,region_rwma,vhd
P1-nonsmoker,50,1,26.0,0,0,0,0,0,0,0,0,0,0,0,135,75,0,0,0,0,0,0,0,0,0,0,0,0,0,0,0,0,0,none,70,1.1,140,120,39,15,15,14.2,4.2,139,7300,37,62,190,60,0,0
P1-smoker,50,1,26.0,0,0,1,0,0,0,0,0,0,0,0,135,75,0,0,0,0,0,0,0,0,0,0,0,0,0,0,0,0,0,none,70,1.1,140,120,39,15,15,14.2,4.2,139,7300,37,62,190,60,0,0
P2-nonsmoker,44,1,27.5,0,0,0,0,0,0,0,0,0,0,0,140,77,0,0,0,0,0,0,0,0,0,0,0,0,0,0,1,0,0,none,100,0.9,110,120,38,15,11,13.9,4.1,139,7000,29,62,215,55,0,0
P2-smoker,44,1,27.5,0,0,1,0,0,0,0,0,0,0,0,140,77,0,0,0,0,0,0,0,0,0,0,0,0,0,0,1,0,0,none,100,0.9,110,120,38,15,11,13.9,4.1,139,7000,29,62,215,55,0,0
P3-nonsmoker,72,1,27.5,0,0,0,0,0,0,0,0,0,0,0,145,72,0,0,0,0,0,1,0,0,0,0,0,0,0,0,0,0,0,none,175,1.0,140,175,38,13,20,14.0,4.4,141,7000,35,58,215,40,0,0
P3-smoker,72,1,27.5,0,0,1,0,0,0,0,0,0,0,0,145,72,0,0,0,0,0,1,0,0,0,0,0,0,0,0,0,0,0,none,175,1.0,140,175,38,13,20,14.0,4.4,141,7000,35,58,215,40,0,0
P4-nonsmoker,38.0,0,27.0,0,0,0,0,0,0,0,0,0,0,0,120,74,0,0,0,0,0,0,0,0,0,0,0,0,0,0,1,0,0,none,80,1.0,110,105,38,13,19,13.6,4.4,141,7300,30,61,225,55,0,0
P4-smoker,38.0,0,27.0,0,0,1,0,0,0,0,0,0,0,0,120,74,0,0,0,0,0,0,0,0,0,0,0,0,0,0,1,0,0,none,80,1.0,110,105,38,13,19,13.6,4.4,141,7300,30,61,225,55,0,0
P5-nonsmoker,45,1,28.5,0,0,0,0,0,0,0,0,0,0,0,115,74,0,0,0,0,0,0,0,0,0,0,0,0,0,0,0,0,0,none,95,1.0,130,75,37,17,20,13.9,4.2,141,6600,32,60,220,60,0,0
P5-smoker,45,1,28.5,0,0,1,0,0,0,0,0,0,0,0,115,74,0,0,0,0,0,0,0,0,0,0,0,0,0,0,0,0,0,none,95,1.0,130,75,37,17,20,13.9,4.2,141,6600,32,60,220,60,0,0
