feature,group,CAD,LAD,LCX,RCA,max_auc,flag
typical_chest_pain,Symptoms,0.799,0.732,0.649,0.65,0.799,False
age,Demographics,0.724,0.677,0.681,0.635,0.724,False
atypical_chest_pain,Symptoms,0.712,0.665,0.58,0.612,0.712,False
ef_tte,Echo,0.687,0.708,0.587,0.578,0.708,False
region_rwma,Echo,0.672,0.675,0.564,0.536,0.675,False
bp,Vitals,0.661,0.596,0.617,0.561,0.661,False
hypertension,History,0.656,0.591,0.588,0.575,0.656,False
fbs,Labs,0.651,0.582,0.591,0.604,0.651,False
neut,Labs,0.579,0.609,0.54,0.635,0.635,False
esr,Labs,0.634,0.621,0.573,0.614,0.634,False
diabetes,History,0.628,0.557,0.574,0.628,0.628,False
lymph,Labs,0.58,0.609,0.526,0.628,0.628,False
t_inversion,ECG,0.62,0.598,0.532,0.529,0.62,False
tg,Labs,0.618,0.568,0.589,0.566,0.618,False
k,Labs,0.615,0.559,0.555,0.559,0.615,False
pulse_rate,Vitals,0.602,0.598,0.522,0.533,0.602,False
plt,Labs,0.544,0.524,0.601,0.538,0.601,False
wbc,Labs,0.533,0.571,0.511,0.583,0.583,False
creatinine,Labs,0.536,0.529,0.582,0.561,0.582,False
na,Labs,0.562,0.572,0.56,0.556,0.572,False
bun,Labs,0.556,0.54,0.57,0.523,0.57,False
dyspnea,Symptoms,0.569,0.543,0.525,0.552,0.569,False
st_depression,ECG,0.568,0.565,0.515,0.516,0.568,False
nonanginal_chest_pain,Symptoms,0.568,0.55,0.523,0.535,0.568,False
sex_male,Demographics,0.537,0.549,0.555,0.562,0.562,False
bmi,Demographics,0.542,0.56,0.541,0.52,0.56,False
function_class,Symptoms,0.548,0.546,0.541,0.556,0.556,False
vhd,Echo,0.533,0.551,0.512,0.539,0.551,False
ldl,Labs,0.519,0.51,0.546,0.517,0.546,False
st_elevation,ECG,0.532,0.54,0.503,0.512,0.54,False
q_wave,ECG,0.537,0.538,0.512,0.528,0.538,False
current_smoker,History,0.533,0.535,0.523,0.516,0.535,False
poor_r_progression,ECG,0.521,0.519,0.51,0.532,0.532,False
hdl,Labs,0.525,0.531,0.51,0.514,0.531,False
hb,Labs,0.529,0.527,0.506,0.505,0.529,False
diastolic_murmur,Vitals,0.528,0.522,0.511,0.517,0.528,False
bbb,ECG,0.524,0.513,0.516,0.514,0.524,False
dyslipidemia,History,0.507,0.523,0.507,0.52,0.523,False
ex_smoker,History,0.507,0.515,0.521,0.509,0.521,False
systolic_murmur,Vitals,0.502,0.507,0.521,0.51,0.521,False
edema,Vitals,0.512,0.52,0.509,0.503,0.52,False
airway_disease,History,0.517,0.504,0.519,0.506,0.519,False
lung_rales,Vitals,0.509,0.517,0.505,0.501,0.517,False
chronic_renal_failure,History,0.514,0.51,0.511,0.502,0.514,False
family_history,History,0.514,0.507,0.501,0.507,0.514,False
lvh,ECG,0.514,0.502,0.501,0.504,0.514,False
thyroid_disease,History,0.508,0.514,0.512,0.504,0.514,False
weak_peripheral_pulse,Vitals,0.512,0.501,0.5,0.508,0.512,False
cva,History,0.504,0.506,0.507,0.508,0.508,False
low_threshold_angina,Symptoms,0.505,0.506,0.501,0.505,0.506,False
chf,History,0.502,0.503,0.503,0.504,0.504,False
