age,sex_male,bmi,diabetes,hypertension,current_smoker,ex_smoker,family_history,chronic_renal_failure,cva,airway_disease,thyroid_disease,chf,dyslipidemia,bp,pulse_rate,edema,weak_peripheral_pulse,lung_rales,systolic_murmur,diastolic_murmur,typical_chest_pain,atypical_chest_pain,nonanginal_chest_pain,low_threshold_angina,dyspnea,function_class,q_wave,st_elevation,st_depression,t_inversion,lvh,poor_r_progression,bbb,fbs,creatinine,tg,ldl,hdl,bun,esr,hb,k,na,wbc,lymph,neut,plt,ef_tte,region_rwma,vhd
49,1,26.004382761139517,0,1,1,0,0,0,0,0,0,0,1,130,70,0,0,0,0,0,0,1,0,0,1,2,0,0,0,0,0,0,none,90,1.2,136,136,38.0,13,13,14.3,4.4,144,11000,42,52,171,55,0,0
56,0,25.806451612903224,0,1,0,0,1,0,0,0,0,0,1,130,75,0,0,0,0,0,1,0,0,0,0,2,0,0,0,0,0,0,none,88,1.3,100,180,64.0,18,18,13.3,4.1,140,4900,40,51,218,55,0,1
81,0,27.18089990817264,0,1,0,0,0,0,0,0,0,0,1,140,70,0,1,0,1,0,1,0,0,0,1,0,0,0,0,0,1,0,none,94,1.2,122,90,43.0,18,23,11.9,4.5,142,6000,37,50,280,45,0,0
62,0,32.407407407407405,1,1,1,0,0,0,0,0,0,0,1,140,80,0,0,0,0,0,1,0,0,0,0,0,0,0,1,1,0,0,none,377,1.6,399,106,38.0,36,23,13.1,4.3,138,11000,32,60,189,40,0,1
47,1,23.93948099205209,0,1,0,0,0,0,0,0,0,0,0,160,70,0,0,0,0,0,0,1,0,0,0,0,0,0,0,0,0,0,none,95,0.9,126,90,40.0,11,1,15.3,4.4,138,7600,30,63,217,45,0,1
60,1,24.56747404844291,1,0,0,0,0,0,0,0,0,0,0,130,70,0,0,0,0,0,1,0,0,0,1,2,0,0,0,0,0,0,left,209,1.3,80,90,44.0,16,8,13.9,4.6,140,4900,55,42,380,40,2,0
56,1,26.573129251700685,0,0,0,1,0,0,0,0,0,0,0,130,90,0,0,0,1,0,1,0,0,0,1,0,0,0,0,0,0,0,none,87,1.2,447,119,39.0,18,6,14.0,4.3,143,5900,40,50,200,40,0,2
64,1,23.046875,0,1,1,0,1,0,0,0,0,0,0,130,70,0,0,0,0,0,0,1,0,0,0,0,0,0,1,1,0,0,none,103,1.2,77,76,39.0,17,11,13.5,3.9,138,6900,44,52,210,50,0,0
56,0,27.09925100681245,0,0,0,0,0,0,0,0,0,0,1,120,70,0,0,0,0,0,0,1,0,0,0,0,0,0,1,0,0,0,none,80,0.8,55,101,44.0,19,8,12.8,3.9,142,7800,28,64,243,50,1,1
60,1,26.09327520147972,1,1,0,0,0,0,0,0,0,0,1,130,70,0,0,0,0,0,1,0,0,0,0,0,0,0,0,0,0,0,none,84,1.5,242,167,39.0,24,12,13.2,4.4,139,5100,50,40,156,55,2,1
50,1,24.489795918367346,0,0,1,0,0,0,0,0,0,0,0,118,70,0,0,0,0,0,1,0,0,0,0,3,0,0,0,0,0,0,none,86,1.0,139,119,34.0,13,18,15.6,4.2,141,7300,26,66,194,50,0,0
75,1,23.18339100346021,0,1,1,0,1,0,0,0,0,0,0,160,70,0,0,0,0,0,1,0,0,0,0,0,0,0,0,0,0,0,none,92,1.3,100,168,39.0,22,30,13.9,3.9,142,6000,34,65,211,45,0,0
51,1,24.62296091104956,0,0,0,0,1,0,0,0,0,0,0,110,70,0,0,1,0,0,1,0,0,0,0,2,1,0,1,0,0,0,none,80,0.8,140,104,37.0,10,17,11.5,4.3,138,7100,19,70,118,35,4,1
53,1,34.086605226612804,0,0,1,0,0,0,0,0,0,0,0,120,80,0,0,0,0,0,1,0,0,0,0,0,0,0,0,0,0,0,none,108,1.2,81,97,37.0,14,6,14.6,4.2,139,4700,40,50,129,55,0,0
49,0,31.249999999999996,1,1,0,0,0,0,0,0,0,0,1,140,90,0,0,0,0,0,1,0,0,0,1,2,0,0,0,1,0,0,none,320,0.7,259,43,33.0,13,22,11.5,4.3,139,7700,34,58,246,45,0,0
57,0,30.86300682844026,0,1,0,0,0,0,0,0,0,0,0,140,80,0,0,0,0,0,1,0,0,0,1,0,0,0,0,0,1,0,none,106,0.9,90,77,36.0,19,11,13.0,4.3,141,5800,42,41,222,45,0,1
52,1,19.257028815517668,0,1,1,0,0,0,0,0,0,0,0,120,80,0,0,0,0,0,1,0,0,0,0,0,0,0,0,0,0,0,none,71,0.8,163,90,41.0,10,7,14.7,3.7,142,7100,33,60,211,55,1,0
54,1,24.91076740035693,0,0,0,0,0,0,0,0,0,0,0,110,70,0,0,0,0,0,0,1,0,0,0,0,0,0,0,0,0,0,none,94,1.0,37,18,22.0,22,4,13.8,4.6,146,6500,38,52,186,55,0,1
56,0,24.03460983816696,0,0,0,0,0,0,0,0,0,0,1,100,70,0,0,0,0,0,0,1,0,0,0,0,0,0,0,0,0,0,none,104,0.8,227,127,47.0,16,19,12.6,4.3,140,7400,23,70,270,55,0,0
46,0,27.734374999999996,1,1,0,0,1,0,0,0,0,0,0,140,90,0,0,0,0,0,1,0,0,0,0,0,0,0,0,1,0,0,none,114,0.7,242,147,50.0,11,18,12.4,3.8,144,7700,55,40,240,55,0,1
65,0,33.320517749583495,0,1,0,0,0,0,0,0,0,0,0,120,90,1,0,0,0,0,1,0,0,0,1,2,0,0,1,0,0,0,none,103,0.9,89,82,40.0,31,9,13.0,4.2,139,4100,50,44,161,55,0,1
70,0,25.20808561236623,0,1,0,0,0,0,0,0,0,0,0,130,65,0,0,0,1,0,1,0,0,0,0,0,0,0,1,1,0,0,none,99,1.1,110,140,35.0,18,41,11.2,4.4,143,8900,54,38,234,45,0,1
76,1,22.308149910767405,0,0,0,1,0,0,0,0,0,0,0,130,70,0,0,0,0,0,0,0,0,0,1,0,0,0,1,0,0,0,none,96,1.1,90,145,48.0,25,12,12.1,4.3,131,7100,32,61,158,50,0,1
65,1,27.513384889946465,0,0,0,0,0,0,0,0,0,0,0,110,80,0,0,0,0,0,1,0,0,0,0,0,0,1,0,1,0,0,none,90,1.3,140,107,33.0,19,2,14.8,5.0,143,9300,30,70,192,45,3,1
63,1,27.428571428571427,1,1,0,0,0,0,0,0,0,0,0,160,70,0,0,0,0,0,1,0,0,0,0,0,1,1,0,1,0,0,none,183,1.5,204,136,38.0,38,4,12.3,4.8,134,12200,15,77,241,40,3,1
51,1,28.73174689021093,0,1,0,0,0,0,0,0,0,0,0,160,70,0,0,0,0,0,0,0,0,0,0,0,0,0,0,1,0,0,none,76,1.1,221,111,32.0,14,68,11.0,4.4,140,6100,26,64,275,50,0,1
48,0,37.04474505723204,0,0,0,0,0,0,0,0,0,0,1,120,80,0,0,0,0,0,1,0,0,0,1,0,0,0,1,0,0,0,none,140,0.9,46,142,83.0,9,67,11.3,4.1,143,6400,24,74,309,55,0,0
60,1,29.053287981859416,0,1,1,0,0,0,0,1,0,0,0,180,70,0,0,0,1,0,1,0,0,0,1,3,0,0,0,0,1,0,none,104,1.0,72,80,55.0,22,9,15.8,4.5,138,7900,29,60,213,55,0,3
64,1,24.897060231734173,1,1,0,0,0,0,1,0,0,0,1,130,72,0,1,0,0,0,1,0,0,0,0,0,0,0,0,0,0,0,none,219,1.1,309,78,34.0,20,31,13.1,4.3,138,10000,29,60,233,55,1,1
64,0,34.17488999957281,1,1,1,0,0,0,0,1,0,0,1,160,70,0,0,0,0,0,1,0,0,0,0,0,0,0,0,0,0,0,none,184,0.7,170,100,39.0,17,18,11.9,4.3,134,4700,44,49,174,50,0,0
80,1,19.817677368212443,1,1,0,0,0,0,0,0,0,0,1,140,80,0,0,0,0,0,1,0,0,0,1,0,0,0,0,0,0,0,none,139,1.0,79,60,49.0,19,17,9.9,5.1,136,11300,12,76,170,40,0,1
70,0,27.005130974885223,0,1,0,0,0,0,0,0,0,0,0,140,70,0,0,0,0,0,0,0,1,0,0,0,0,0,0,1,0,0,none,98,1.0,166,122,40.0,11,10,13.2,4.4,143,5500,31,57,182,50,0,1
64,0,27.700831024930743,0,1,0,0,0,0,0,0,0,0,1,130,80,0,1,0,0,0,1,0,0,0,1,2,0,0,0,0,1,0,none,91,0.8,190,113,42.0,15,11,13.6,4.4,142,6700,31,64,25,45,0,1
43,0,33.331831899463985,0,1,0,0,0,0,0,0,0,0,0,180,80,0,0,0,0,0,0,0,1,0,1,0,0,0,1,1,0,0,none,90,0.8,123,110,47.0,10,11,12.7,3.8,142,6100,44,50,295,55,0,0
68,0,22.76146753597469,0,0,0,0,1,0,0,0,0,0,1,115,70,0,0,0,0,0,0,1,0,0,0,0,0,0,0,0,0,0,none,84,0.9,114,91,31.0,23,12,13.0,4.6,141,4900,35,60,194,60,0,0
50,0,19.53125,0,0,0,0,0,0,0,0,0,0,0,100,70,0,0,0,0,0,0,1,0,0,0,0,0,0,1,0,0,0,none,92,1.0,123,64,38.0,18,46,11.5,3.5,135,8700,26,65,263,55,0,0
70,0,34.666666666666664,1,1,0,0,0,1,0,0,0,0,1,180,80,0,0,0,0,0,1,0,0,0,1,2,0,0,0,0,0,0,none,146,0.8,250,142,35.0,12,36,12.6,3.9,142,7000,44,50,290,45,0,1
56,1,26.775510204081638,0,0,1,0,0,0,0,0,0,0,0,120,78,0,0,0,0,0,1,0,0,0,0,0,0,0,0,0,0,0,none,112,0.9,84,111,44.0,9,11,15.7,4.4,143,8900,30,61,186,55,0,0
50,0,24.538964901844142,1,0,0,0,1,0,0,0,0,0,0,130,60,0,0,0,0,0,1,0,0,0,0,0,0,0,0,1,0,0,none,180,0.9,84,140,40.0,18,12,12.7,4.6,138,5800,31,60,180,50,0,0
70,1,24.538964901844142,0,1,0,0,0,0,0,0,0,0,0,130,76,0,0,0,0,0,1,0,0,0,0,2,0,0,1,1,0,0,none,70,1.4,132,120,49.0,33,15,13.0,4.4,136,5800,38,49,186,45,2,1
59,1,26.573129251700685,0,1,1,0,1,1,1,0,0,0,0,110,90,0,0,0,0,0,1,0,0,0,1,2,0,0,1,1,0,0,none,111,1.4,118,70,40.0,13,32,16.6,4.9,144,10000,16,78,212,40,0,0
70,0,28.935185185185187,0,1,0,0,0,0,0,0,0,0,0,190,90,0,0,0,0,0,0,1,0,0,0,0,0,0,0,0,0,0,none,130,0.7,210,168,43.0,12,12,12.7,5.3,142,5400,40,55,170,45,0,1
43,1,24.049343594386603,1,0,0,0,0,0,0,0,0,0,0,130,70,0,0,0,0,0,0,1,0,0,0,0,0,0,0,0,0,0,none,168,1.1,124,106,53.0,12,4,14.9,4.2,147,6900,31,54,234,55,0,0
55,1,18.36547291092746,0,1,1,0,0,0,0,1,0,0,0,150,90,0,0,0,1,0,1,0,0,0,1,0,0,0,0,1,0,0,none,89,0.8,110,152,54.0,15,4,11.0,4.7,144,5900,38,55,242,45,1,2
72,1,26.12244897959184,1,0,1,0,0,0,0,0,0,0,1,130,70,0,0,0,0,0,1,0,0,0,0,0,0,0,1,1,0,0,none,130,0.9,80,90,55.0,19,4,16.1,4.3,142,12200,25,74,410,45,4,1
49,0,22.060353798126947,0,0,0,0,0,0,0,0,1,0,0,130,85,0,0,0,1,0,0,1,0,0,0,0,0,0,1,1,0,0,none,126,0.8,157,71,36.0,11,3,11.1,4.1,145,13000,26,67,283,45,0,1
71,0,28.353057199211044,1,1,0,0,0,0,0,0,0,0,1,160,90,1,0,0,0,0,0,1,0,0,1,0,0,0,1,0,0,0,none,160,1.0,292,128,46.0,12,15,11.2,4.8,143,5200,25,65,209,55,0,0
66,1,21.777553339224845,0,0,1,0,0,0,0,0,0,0,0,120,80,0,0,0,0,0,1,0,0,0,1,2,0,0,0,0,0,0,right,72,0.7,50,55,35.0,13,3,13.3,4.2,142,5200,29,56,188,40,2,1
57,1,28.075042938300964,1,1,0,0,0,0,0,0,0,0,1,140,80,0,0,0,1,0,0,0,0,0,0,0,0,0,0,0,1,0,none,190,1.2,96,112,30.0,17,11,15.6,3.9,142,7800,38,49,301,60,0,1
48,0,40.90065778377467,1,0,0,0,0,0,0,0,0,0,0,120,75,0,0,0,0,0,1,0,0,0,1,2,0,0,0,0,0,0,none,212,0.8,105,50,27.0,10,37,13.0,4.9,140,9000,33,59,217,45,2,1
50,1,22.49134948096886,0,0,1,0,1,0,0,0,0,0,1,130,70,0,0,0,0,0,0,1,0,0,0,0,0,0,0,0,0,0,none,102,1.4,162,110,31.0,15,5,14.2,4.1,138,7400,53,44,264,55,0,0
38,1,26.25958474843318,0,0,0,0,0,0,0,0,0,0,0,130,80,0,0,0,0,0,0,0,1,0,1,0,0,0,0,0,0,0,none,97,1.0,209,80,28.0,26,3,13.7,4.3,146,6200,37,56,228,55,0,0
68,0,34.80874965389027,1,1,0,0,0,0,0,0,0,0,0,160,70,0,0,0,0,0,0,0,0,0,1,2,0,0,0,0,0,0,none,96,1.3,310,170,30.0,23,20,12.4,6.6,145,6100,33,56,261,50,1,1
86,1,24.38652644413961,1,1,0,0,0,0,0,0,0,0,1,160,68,0,0,1,0,0,0,1,0,0,1,0,0,0,0,0,0,0,none,270,1.5,62,157,51.0,43,15,15.6,5.0,142,14500,44,50,297,50,0,1
47,1,22.837370242214536,1,1,0,0,1,0,0,0,0,0,1,120,70,0,0,0,0,0,0,1,0,0,1,2,0,0,1,1,0,0,none,109,1.4,112,66,30.0,14,14,12.1,4.2,136,9500,40,60,197,45,1,1
50,0,35.20430362722993,0,0,0,0,1,0,0,0,0,0,1,110,65,0,0,0,0,0,1,0,0,0,1,2,0,0,0,0,0,0,none,90,0.9,95,140,35.0,18,14,12.9,4.3,143,7900,30,65,260,55,0,0
54,1,24.677021338365517,0,1,0,1,0,0,0,0,0,0,0,140,70,0,0,0,0,0,1,0,0,0,1,0,1,0,0,0,0,0,none,90,1.2,190,140,51.0,14,19,14.2,4.0,139,6600,28,65,174,25,0,2
48,1,28.40550435551067,0,1,0,0,1,0,0,0,1,0,1,140,70,0,0,0,0,0,1,0,0,0,1,0,0,0,0,1,0,0,none,88,1.5,105,69,44.0,18,6,14.6,4.2,141,8800,27,65,244,60,0,0
48,0,30.078124999999996,0,1,0,0,1,0,0,0,0,0,0,130,70,0,0,0,0,0,0,0,1,0,0,0,0,0,0,0,0,0,right,83,1.0,93,112,42.0,13,20,12.8,4.0,140,9000,35,55,279,55,0,0
64,0,31.61177324960485,1,0,0,0,0,0,0,0,0,0,1,110,70,0,0,0,0,0,0,1,0,0,1,0,0,0,0,0,0,0,none,300,1.1,150,49,28.0,19,29,11.0,4.4,140,7700,32,54,220,50,0,1
58,1,33.30612244897959,0,0,1,0,0,0,0,0,0,0,0,110,60,0,0,0,0,0,1,0,0,0,0,0,0,1,0,0,0,0,none,75,0.5,130,99,51.0,15,4,14.2,4.1,140,6300,26,67,309,40,2,1
49,1,26.989619377162636,0,0,1,0,0,0,0,0,0,0,0,130,74,0,0,0,0,0,1,0,0,0,0,0,0,1,0,1,0,0,none,96,0.9,142,130,60.0,14,20,14.3,4.7,136,11300,22,68,172,50,2,1
71,1,29.000594883997625,0,1,0,0,0,0,0,0,0,0,0,130,70,0,0,0,0,0,1,0,0,0,0,2,0,0,0,0,0,0,none,84,1.7,112,110,45.0,30,5,16.0,4.6,141,4100,32,62,173,45,3,1
43,1,28.71047932495361,0,0,1,0,0,0,0,0,0,0,0,110,70,0,0,0,0,0,0,1,0,0,1,0,0,0,0,0,0,0,none,142,1.4,216,158,46.0,22,10,13.0,3.4,140,8100,34,62,211,55,0,1
49,0,25.402816083611555,0,1,0,0,0,0,0,0,0,0,1,120,70,0,0,0,0,0,1,0,0,0,0,2,0,0,0,0,0,0,none,103,1.5,70,75,66.0,14,8,11.5,3.8,142,4200,41,50,212,60,0,1
48,1,30.46111830818249,0,1,0,0,0,0,0,0,0,0,0,140,70,0,0,0,0,0,0,1,0,0,0,0,0,1,0,0,0,0,none,96,1.1,148,115,50.0,12,12,13.9,4.7,141,7500,35,51,214,45,0,1
56,0,21.09375,0,1,0,0,0,0,0,0,0,0,0,150,110,0,0,0,0,0,1,0,0,0,0,0,0,0,0,0,0,0,none,97,0.8,171,78,37.0,10,51,12.2,4.5,141,7800,22,78,185,50,1,1
65,1,26.813590449954088,0,1,1,0,0,0,0,0,0,0,0,130,65,0,0,0,0,0,1,0,0,0,1,2,0,0,0,0,0,0,none,87,0.8,125,232,61.0,12,10,15.0,4.5,145,7200,26,62,191,45,0,0
55,1,29.384756657483933,0,0,0,1,0,0,0,0,0,0,0,110,80,0,0,0,1,0,1,0,0,0,0,0,1,1,0,1,0,0,none,80,0.8,83,85,34.0,12,38,14.1,4.8,139,9400,58,33,292,40,4,1
74,1,21.97735111870822,0,1,1,0,0,0,0,0,0,0,0,150,70,0,0,0,0,0,1,0,0,0,1,3,0,0,1,1,0,0,none,72,0.9,145,121,48.0,15,25,13.6,3.4,142,5400,31,58,308,45,0,1
59,0,30.818540433925047,0,0,0,0,0,0,0,0,0,0,1,135,80,0,0,0,0,0,1,0,0,0,0,2,0,0,0,0,0,0,right,120,0.9,282,156,53.0,12,58,12.6,3.2,150,5800,29,63,198,50,0,1
66,1,25.95155709342561,1,1,0,0,0,0,0,0,0,0,0,150,80,0,0,0,0,0,1,0,0,0,0,0,0,0,1,1,0,0,none,183,1.3,74,99,43.0,15,9,14.9,3.6,135,7600,32,66,184,30,0,0
56,1,25.88057063502083,0,0,0,0,0,0,0,0,0,0,0,100,70,0,0,0,0,0,0,0,1,0,1,0,0,0,0,0,0,0,none,102,1.3,95,93,44.0,11,5,17.5,3.8,141,9900,23,72,176,55,0,2
65,0,27.33564013840831,1,1,0,0,0,0,0,0,0,0,0,170,90,0,0,0,1,1,1,0,0,0,1,2,0,0,0,0,0,0,none,210,1.0,85,90,55.0,17,13,13.1,4.2,139,5000,28,65,253,55,1,2
55,1,28.40111107643332,0,0,0,0,1,0,0,0,1,0,0,120,80,0,0,0,0,0,1,0,0,0,0,0,0,0,0,1,0,0,none,94,1.3,94,79,36.0,16,6,15.3,3.8,142,6800,29,62,214,45,0,1
59,1,28.69897959183674,1,1,0,0,0,0,0,0,0,0,1,120,110,0,0,0,0,0,1,0,0,0,0,0,0,0,0,0,0,0,none,218,1.8,104,112,54.0,16,19,13.3,5.1,153,12100,15,81,170,15,4,2
56,0,26.14268848035082,0,0,0,0,0,0,0,0,0,0,1,110,70,0,0,0,0,0,0,1,0,0,0,0,0,0,0,1,0,0,none,151,1.4,124,80,45.0,41,19,13.9,4.5,138,5700,37,55,240,45,0,2
55,1,30.73941661933242,0,0,0,0,0,0,0,0,0,0,0,120,80,0,0,0,0,0,1,0,0,0,0,2,0,0,0,0,0,0,none,125,1.2,158,95,34.0,14,5,13.6,4.0,139,5200,18,72,131,50,0,1
85,1,26.813590449954088,0,1,0,0,1,0,0,0,0,0,0,150,80,0,0,0,0,0,0,0,0,0,0,0,0,0,0,0,0,0,left,89,1.6,100,80,39.0,23,23,11.0,4.1,132,10300,10,84,256,45,2,1
62,1,21.38593635289987,1,0,0,0,0,0,0,0,0,0,1,110,70,0,0,0,0,0,0,1,0,0,1,0,0,0,0,0,0,0,none,70,1.2,190,150,44.0,23,12,13.3,3.8,146,9200,40,54,145,55,2,0
74,1,31.17913832199547,0,1,0,0,0,0,0,0,0,0,1,140,80,1,1,0,0,0,1,0,0,0,1,2,0,0,0,0,1,0,none,117,1.2,146,103,40.0,21,33,14.3,5.1,141,10400,18,72,197,40,0,0
66,0,26.14268848035082,1,0,0,0,1,0,0,0,0,0,0,110,80,0,0,0,0,0,0,1,0,0,1,0,0,0,0,0,0,1,none,144,1.0,174,95,44.0,13,15,11.5,4.3,140,5200,36,60,170,50,0,0
52,0,38.28124999999999,1,1,0,0,1,0,0,0,0,0,1,105,75,0,0,0,0,0,1,0,0,0,0,3,0,0,1,1,0,0,none,130,1.2,260,100,47.0,19,10,14.5,4.4,138,9400,30,65,208,45,0,0
53,0,30.832893829364277,1,1,0,0,0,0,0,0,0,0,0,130,80,0,0,0,0,0,1,0,0,0,1,2,0,0,1,1,0,0,none,89,0.9,103,100,55.0,18,21,12.1,4.4,145,6000,30,60,199,46,3,0
51,0,27.68166089965398,0,1,0,0,0,0,0,0,0,0,0,120,70,0,0,0,0,0,0,1,0,0,0,0,0,0,0,0,0,0,none,87,0.9,75,114,38.0,6,17,14.1,3.7,143,5500,34,60,228,55,0,0
42,1,27.34375,0,1,0,0,0,0,0,0,0,0,1,132,80,0,0,0,0,0,1,0,0,0,0,0,0,0,0,1,0,0,none,79,1.0,245,115,25.0,11,2,16.5,3.8,144,7800,42,51,209,50,1,1
64,1,28.69897959183674,1,1,0,0,0,0,0,0,0,0,1,130,70,0,0,0,0,0,1,0,0,0,0,0,0,0,0,0,0,0,none,141,1.1,143,96,34.0,16,24,13.8,3.7,142,8700,35,60,212,55,0,0
65,0,32.0,1,1,0,0,0,1,0,0,0,0,1,150,70,0,0,0,0,0,1,0,0,0,0,0,0,0,1,0,0,0,none,227,1.0,230,82,34.0,18,26,12.4,3.8,145,5300,45,50,227,50,1,0
52,0,28.444444444444443,0,0,0,0,0,0,0,0,0,0,1,90,70,0,0,0,0,0,0,1,0,0,1,0,0,0,0,0,0,0,left,92,0.9,90,88,52.0,13,15,13.4,4.0,142,5300,43,50,175,55,0,1
52,1,25.99090318388564,0,1,0,0,0,0,0,0,0,0,1,140,70,0,0,0,0,0,0,1,0,0,1,2,0,0,0,0,0,0,none,106,0.8,102,96,36.0,8,9,15.0,3.8,144,7000,23,67,224,55,0,0
44,1,26.29656683710737,0,0,1,0,1,0,0,0,0,0,0,120,88,0,0,0,0,0,1,0,0,0,0,0,0,1,0,1,0,0,none,95,1.1,144,142,40.0,16,69,16.0,4.0,136,17000,15,75,250,35,0,0
36,0,22.03856749311295,1,0,1,0,0,0,0,0,0,0,0,125,70,0,0,0,0,0,0,0,0,0,1,0,0,0,0,1,0,0,none,400,0.9,90,69,42.0,15,21,11.1,4.3,143,6000,30,63,172,45,2,0
55,1,28.62879238548484,0,1,0,0,0,0,0,0,0,0,0,140,80,0,0,0,1,0,1,0,0,0,1,2,0,0,0,0,1,0,none,115,1.0,65,121,39.0,21,21,13.9,4.5,140,7500,32,51,301,50,0,2
59,1,29.04370898920721,1,0,0,0,0,0,0,0,0,0,1,120,70,0,0,0,0,0,1,0,0,0,1,0,0,0,0,0,0,0,none,218,1.1,130,110,45.0,11,19,13.3,4.7,146,12100,30,70,280,30,0,2
58,1,26.573129251700685,0,1,0,1,0,0,0,0,0,0,0,170,70,0,0,0,0,0,1,0,0,0,1,2,0,0,0,0,0,0,none,101,0.8,160,101,33.0,19,11,14.5,4.2,142,5800,44,52,201,50,0,1
72,1,22.20408163265306,0,1,0,0,0,0,0,0,0,0,0,140,100,1,0,1,1,0,0,1,0,0,1,0,0,0,0,0,0,0,none,78,1.6,50,30,52.0,39,32,11.0,4.2,140,7200,13,78,160,20,0,2
58,1,30.47052154195012,0,0,1,0,0,0,0,0,0,0,0,120,70,0,0,0,1,0,1,0,0,0,0,2,0,0,0,0,0,0,none,100,1.3,127,71,38.0,17,40,12.8,4.1,145,9100,20,68,173,50,1,0
77,1,21.97133585722012,0,1,0,0,0,0,0,1,0,0,0,125,72,0,0,0,0,0,0,1,0,0,1,2,0,0,0,1,0,0,none,98,0.8,115,112,43.0,12,16,15.5,4.0,139,8500,17,73,189,40,2,1
47,0,19.05197378448407,1,1,0,0,0,0,0,0,0,0,1,120,70,0,0,0,0,0,0,0,1,0,1,2,0,0,0,0,0,0,none,90,0.7,90,110,44.0,9,12,13.1,4.2,149,5800,40,50,218,50,0,0
54,0,27.18163008641324,1,0,0,0,0,0,0,0,0,0,0,120,70,0,0,0,0,0,1,0,0,0,0,0,0,0,0,0,0,0,none,258,0.8,122,86,37.0,22,46,14.0,4.7,137,7100,49,47,214,55,1,1
